{"neg":-2.422623038594881, "pos":-0.09287070383582183}