{"neg":-2.750921029115064, "pos":-0.06599986453112816}